"gene_ID","slope","p_value","ENV_fun","gene_name","gene_taxa","Study"
"nirs superkingdom:Bacteria",-0.392954211628632,7.56650557951877e-06,"NH4.N","nirs","superkingdom:Bacteria","Latitude (North America)"
"nirs superkingdom:Bacteria",-0.263874445275957,0.0029446717232461,"NH4.N","nirs","superkingdom:Bacteria","Latitude (North America)"
"nirk superkingdom:Bacteria",-0.233212198293773,0.00858752091676925,"NH4.N","nirk","superkingdom:Bacteria","Latitude (North America)"
"gdh superkingdom:Bacteria",-0.247878117973179,0.00590848870431226,"NH4.N","gdh","superkingdom:Bacteria","Latitude (North America)"
"nosz superkingdom:Bacteria",-0.260301852721482,0.00324333411107316,"NH4.N","nosz","superkingdom:Bacteria","Latitude (North America)"
"nitrate_reductase unknown_taxa",-0.233998101234761,0.00836026948602483,"NH4.N","nitrate_reductase","unknown_taxa","Latitude (North America)"
"ammonium_transporter superkingdom:Eukaryota",-0.357711762998522,4.2121912644902e-05,"NH4.N","ammonium_transporter","superkingdom:Eukaryota","Latitude (North America)"
"narg superkingdom:Bacteria",-0.302785605978002,0.000568636730588392,"NH4.N","narg","superkingdom:Bacteria","Latitude (North America)"
"nifh superkingdom:Archaea",-0.261597692685248,0.0030877254054448,"NH4.N","nifh","superkingdom:Archaea","Latitude (North America)"
"narg superkingdom:Bacteria",-0.292844833663372,0.000875728149527035,"NH4.N","narg","superkingdom:Bacteria","Latitude (North America)"
"nosz superkingdom:Bacteria",-0.386202304015888,7.9526314094449e-06,"NH4.N","nosz","superkingdom:Bacteria","Latitude (North America)"
"urec superkingdom:Bacteria",-0.253065731381157,0.0051013077725679,"NH4.N","urec","superkingdom:Bacteria","Latitude (North America)"
"gdh superkingdom:Bacteria",-0.289536242274405,0.00100767404334398,"NH4.N","gdh","superkingdom:Bacteria","Latitude (North America)"
"urec superkingdom:Bacteria",-0.328765397473782,0.00017083958612417,"NH4.N","urec","superkingdom:Bacteria","Latitude (North America)"
"urec superkingdom:Eukaryota",-0.341594813040974,9.05531967451752e-05,"NH4.N","urec","superkingdom:Eukaryota","Latitude (North America)"
"ammonium_transporter superkingdom:Eukaryota",-0.271601457220339,0.00209531422778812,"NH4.N","ammonium_transporter","superkingdom:Eukaryota","Latitude (North America)"
"narg superkingdom:Bacteria",-0.385263419968067,8.4020775370741e-06,"NH4.N","narg","superkingdom:Bacteria","Latitude (North America)"
"napa superkingdom:Bacteria",-0.353902293067204,4.79659635642258e-05,"NH4.N","napa","superkingdom:Bacteria","Latitude (North America)"
"nifh superkingdom:Bacteria",-0.259152994605458,0.00338715721442103,"NH4.N","nifh","superkingdom:Bacteria","Latitude (North America)"
"narg superkingdom:Bacteria",-0.292115923683754,0.000903357559507912,"NH4.N","narg","superkingdom:Bacteria","Latitude (North America)"
"urec superkingdom:Bacteria",-0.261618690092068,0.00308526030523326,"NH4.N","urec","superkingdom:Bacteria","Latitude (North America)"
"nirb superkingdom:Bacteria",-0.37142012961441,1.85362092984359e-05,"NH4.N","nirb","superkingdom:Bacteria","Latitude (North America)"
"narg superkingdom:Bacteria",-0.239826381442162,0.00683439489422749,"NH4.N","narg","superkingdom:Bacteria","Latitude (North America)"
"nifh superkingdom:Bacteria",-0.334716662492559,0.000127703703444164,"NH4.N","nifh","superkingdom:Bacteria","Latitude (North America)"
"nirs superkingdom:Bacteria",-0.492065229944655,4.86485138204978e-09,"NH4.N","nirs","superkingdom:Bacteria","Latitude (North America)"
"glna_fungi superkingdom:Eukaryota",-0.293612738827085,0.000847459521833774,"NH4.N","glna_fungi","superkingdom:Eukaryota","Latitude (North America)"
"nir superkingdom:Bacteria",-0.269408728022392,0.00228401623171376,"NH4.N","nir","superkingdom:Bacteria","Latitude (North America)"
"narg superkingdom:Bacteria",-0.457065552404792,7.45096001695884e-08,"NH4.N","narg","superkingdom:Bacteria","Latitude (North America)"
"narg superkingdom:Bacteria",0.229762624316155,0.00965078297094208,"NH4.N","narg","superkingdom:Bacteria","Latitude (North America)"
"gdh superkingdom:Bacteria",-0.252796779598004,0.00429156162506297,"NH4.N","gdh","superkingdom:Bacteria","Latitude (North America)"
"hzsa superkingdom:Bacteria",-0.236277819689534,0.00773084612807687,"NH4.N","hzsa","superkingdom:Bacteria","Latitude (North America)"
"nosz superkingdom:Bacteria",-0.24844731675666,0.00502941693822926,"NH4.N","nosz","superkingdom:Bacteria","Latitude (North America)"
"urec superkingdom:Bacteria",-0.233020222002845,0.00864385495379599,"NH4.N","urec","superkingdom:Bacteria","Latitude (North America)"
"nitrite_reductase_protist superkingdom:Eukaryota",-0.320421121504103,0.000320573802949408,"NH4.N","nitrite_reductase_protist","superkingdom:Eukaryota","Latitude (North America)"
"nosz superkingdom:Bacteria",-0.280347588859914,0.00154208226646136,"NH4.N","nosz","superkingdom:Bacteria","Latitude (North America)"
"nosz superkingdom:Bacteria",-0.241941999911192,0.0065612933651532,"NH4.N","nosz","superkingdom:Bacteria","Latitude (North America)"
"nosz superkingdom:Bacteria",-0.23874651480569,0.00709689331439522,"NH4.N","nosz","superkingdom:Bacteria","Latitude (North America)"
"nifh superkingdom:Archaea",-0.31124203185252,0.000433901696166321,"NH4.N","nifh","superkingdom:Archaea","Latitude (North America)"
"gdh superkingdom:Bacteria",-0.297575249457027,0.000714427991921503,"NH4.N","gdh","superkingdom:Bacteria","Latitude (North America)"
"nosz superkingdom:Bacteria",-0.299644846019011,0.00072237281245741,"NH4.N","nosz","superkingdom:Bacteria","Latitude (North America)"
"urec superkingdom:Bacteria",-0.258631059064496,0.00345437205713364,"NH4.N","urec","superkingdom:Bacteria","Latitude (North America)"
"nosz superkingdom:Bacteria",-0.327955497496428,0.000177660032294443,"NH4.N","nosz","superkingdom:Bacteria","Latitude (North America)"
"norb superkingdom:Bacteria",-0.306906690669067,0.00189766856646504,"NH4.N","norb","superkingdom:Bacteria","Latitude (North America)"
"narg superkingdom:Bacteria",-0.3919525938551,5.65813126304152e-06,"NH4.N","narg","superkingdom:Bacteria","Latitude (North America)"
"nifh superkingdom:Bacteria",-0.235935861921318,0.0078225010797073,"NH4.N","nifh","superkingdom:Bacteria","Latitude (North America)"
"narg superkingdom:Bacteria",-0.236472795610008,0.00767901337293406,"NH4.N","narg","superkingdom:Bacteria","Latitude (North America)"
"nasa superkingdom:Bacteria",-0.377419903807428,1.82395280825214e-05,"NH4.N","nasa","superkingdom:Bacteria","Latitude (North America)"
"napa superkingdom:Bacteria",-0.424578225159065,8.02461943785783e-07,"NH4.N","napa","superkingdom:Bacteria","Latitude (North America)"
"nosz superkingdom:Bacteria",-0.312796898789398,0.000477392896769878,"NH4.N","nosz","superkingdom:Bacteria","Latitude (North America)"
"narg superkingdom:Bacteria",-0.261753673421627,0.0030694555149486,"NH4.N","narg","superkingdom:Bacteria","Latitude (North America)"
"hao superkingdom:Bacteria",-0.324436051094139,0.000266611164664595,"NH4.N","hao","superkingdom:Bacteria","Latitude (North America)"
"napa superkingdom:Bacteria",-0.233962105680212,0.0083705606584604,"NH4.N","napa","superkingdom:Bacteria","Latitude (North America)"
"urec superkingdom:Bacteria",-0.376602729036894,1.49977746179105e-05,"NH4.N","urec","superkingdom:Bacteria","Latitude (North America)"
"nifh superkingdom:Bacteria",-0.291881952579185,0.000912394031417783,"NH4.N","nifh","superkingdom:Bacteria","Latitude (North America)"
"nirk superkingdom:Bacteria",-0.33096412593082,0.000153530411920964,"NH4.N","nirk","superkingdom:Bacteria","Latitude (North America)"
"nifh superkingdom:Bacteria",-0.241473178062781,0.00645066406017985,"NH4.N","nifh","superkingdom:Bacteria","Latitude (North America)"
"nifh superkingdom:Bacteria",-0.252546383254893,0.00558943983119735,"NH4.N","nifh","superkingdom:Bacteria","Latitude (North America)"
"napa superkingdom:Bacteria",-0.348253990632549,6.44177164956145e-05,"NH4.N","napa","superkingdom:Bacteria","Latitude (North America)"
"nirk superkingdom:Bacteria",-0.237882357014232,0.00780428451828605,"NH4.N","nirk","superkingdom:Bacteria","Latitude (North America)"
"napa superkingdom:Bacteria",-0.566033346124449,1.61455281132321e-11,"NH4.N","napa","superkingdom:Bacteria","Latitude (North America)"
"nitrate_reductase superkingdom:Eukaryota",-0.23256427831189,0.00877895791283655,"NH4.N","nitrate_reductase","superkingdom:Eukaryota","Latitude (North America)"
"nosz superkingdom:Bacteria",-0.254041625859492,0.0040990396968835,"NH4.N","nosz","superkingdom:Bacteria","Latitude (North America)"
"nasa superkingdom:Bacteria",-0.298919083493525,0.000673858188309185,"NH4.N","nasa","superkingdom:Bacteria","Latitude (North America)"
"nitrate_reductase superkingdom:Eukaryota",-0.371867074416728,1.80787786333749e-05,"NH4.N","nitrate_reductase","superkingdom:Eukaryota","Latitude (North America)"
"urec superkingdom:Eukaryota",-0.430887785358993,4.7402778228282e-07,"NH4.N","urec","superkingdom:Eukaryota","Latitude (North America)"
"nirk superkingdom:Bacteria",-0.339676770893271,0.000138051187477007,"NH4.N","nirk","superkingdom:Bacteria","Latitude (North America)"
"narb superkingdom:Bacteria",-0.231844367220909,0.00899607453735937,"NH4.N","narb","superkingdom:Bacteria","Latitude (North America)"
"narg superkingdom:Bacteria",-0.288738340815234,0.00104210261087405,"NH4.N","narg","superkingdom:Bacteria","Latitude (North America)"
"narg superkingdom:Bacteria",-0.501106113395559,2.28400310361849e-09,"NH4.N","narg","superkingdom:Bacteria","Latitude (North America)"
"nir superkingdom:Bacteria",-0.303652498916725,0.000547222814470766,"NH4.N","nir","superkingdom:Bacteria","Latitude (North America)"
"urec superkingdom:Bacteria",-0.411093229986559,1.73854498704016e-06,"NH4.N","urec","superkingdom:Bacteria","Latitude (North America)"
"nasa superkingdom:Bacteria",-0.292256906272404,0.000897952142115827,"NH4.N","nasa","superkingdom:Bacteria","Latitude (North America)"
"nirs superkingdom:Bacteria",-0.229600644320685,0.00970344242255235,"NH4.N","nirs","superkingdom:Bacteria","Latitude (North America)"
"nosz superkingdom:Bacteria",-0.373730479831317,2.41701205276924e-05,"NH4.N","nosz","superkingdom:Bacteria","Latitude (North America)"
"narg superkingdom:Bacteria",-0.310026711701454,0.000411155242846612,"NH4.N","narg","superkingdom:Bacteria","Latitude (North America)"
"nirk superkingdom:Bacteria",-0.464744185475488,4.76374364472444e-08,"NH4.N","nirk","superkingdom:Bacteria","Latitude (North America)"
"narg superkingdom:Bacteria",-0.23818858371018,0.00723598982424195,"NH4.N","narg","superkingdom:Bacteria","Latitude (North America)"
"urec superkingdom:Bacteria",-0.244118851322136,0.00587416864833852,"NH4.N","urec","superkingdom:Bacteria","Latitude (North America)"
"narg superkingdom:Bacteria",-0.243512665115988,0.00664574641563164,"NH4.N","narg","superkingdom:Bacteria","Latitude (North America)"
"nosz superkingdom:Bacteria",-0.283090038380578,0.00131825030955931,"NH4.N","nosz","superkingdom:Bacteria","Latitude (North America)"
"nosz superkingdom:Bacteria",-0.265892881556199,0.00272604447044889,"NH4.N","nosz","superkingdom:Bacteria","Latitude (North America)"
"urec superkingdom:Bacteria",-0.280538065342981,0.00153023563926682,"NH4.N","urec","superkingdom:Bacteria","Latitude (North America)"
"hao superkingdom:Bacteria",-0.262140625633029,0.00302455184912956,"NH4.N","hao","superkingdom:Bacteria","Latitude (North America)"
"narg superkingdom:Bacteria",-0.294989568788586,0.000798858805631542,"NH4.N","narg","superkingdom:Bacteria","Latitude (North America)"
"narg superkingdom:Bacteria",-0.230185572082107,0.00951446794757909,"NH4.N","narg","superkingdom:Bacteria","Latitude (North America)"
"hao superkingdom:Bacteria",-0.432235043246693,2.4132839380185e-06,"NH4.N","hao","superkingdom:Bacteria","Latitude (North America)"
"narg superkingdom:Bacteria",-0.353818303439923,4.81787374488649e-05,"NH4.N","narg","superkingdom:Bacteria","Latitude (North America)"
"glutamate_synthase_protist superkingdom:Eukaryota",-0.293498494883912,0.000938526820989824,"NH4.N","glutamate_synthase_protist","superkingdom:Eukaryota","Latitude (North America)"
"nosz superkingdom:Bacteria",-0.332481489454482,0.00213354910572598,"NH4.N","nosz","superkingdom:Bacteria","Latitude (North America)"
"nifh superkingdom:Bacteria",-0.370402292029827,3.64969054115046e-05,"NH4.N","nifh","superkingdom:Bacteria","Latitude (North America)"
"nifh superkingdom:Bacteria",-0.261777670457993,0.00306665342217291,"NH4.N","nifh","superkingdom:Bacteria","Latitude (North America)"
"nrfa superkingdom:Bacteria",-0.305080322580504,0.000513564303716714,"NH4.N","nrfa","superkingdom:Bacteria","Latitude (North America)"
"nifh superkingdom:Bacteria",-0.410100352606914,1.85164708074024e-06,"NH4.N","nifh","superkingdom:Bacteria","Latitude (North America)"
"urec superkingdom:Bacteria",-0.339246680248497,0.000132091347204251,"NH4.N","urec","superkingdom:Bacteria","Latitude (North America)"
"nosz superkingdom:Bacteria",-0.308019959535344,0.00045018902890097,"NH4.N","nosz","superkingdom:Bacteria","Latitude (North America)"
"urec superkingdom:Bacteria",-0.322607158016348,0.00022944516868478,"NH4.N","urec","superkingdom:Bacteria","Latitude (North America)"
"gdh superkingdom:Bacteria",-0.233749131982463,0.00843167944530143,"NH4.N","gdh","superkingdom:Bacteria","Latitude (North America)"
"nifh superkingdom:Bacteria",-0.241566592546398,0.00760086791806427,"NH4.N","nifh","superkingdom:Bacteria","Latitude (North America)"
"nirk superkingdom:Bacteria",-0.319178581445551,0.000269662914132238,"NH4.N","nirk","superkingdom:Bacteria","Latitude (North America)"
"nifh superkingdom:Bacteria",-0.355624080426467,4.37933257281108e-05,"NH4.N","nifh","superkingdom:Bacteria","Latitude (North America)"
"nirk superkingdom:Bacteria",-0.336252472819985,0.000118350142535248,"NH4.N","nirk","superkingdom:Bacteria","Latitude (North America)"
"nosz superkingdom:Bacteria",-0.324565916109726,0.000209040992956081,"NH4.N","nosz","superkingdom:Bacteria","Latitude (North America)"
"nosz superkingdom:Bacteria",-0.244862759449483,0.00572055794885172,"NH4.N","nosz","superkingdom:Bacteria","Latitude (North America)"
"urec superkingdom:Bacteria",-0.325279827941615,0.000202032575917995,"NH4.N","urec","superkingdom:Bacteria","Latitude (North America)"
"urec superkingdom:Bacteria",-0.232549280164161,0.00878343357675014,"NH4.N","urec","superkingdom:Bacteria","Latitude (North America)"
"nifh superkingdom:Bacteria",-0.237147712257803,0.00750196015390736,"NH4.N","nifh","superkingdom:Bacteria","Latitude (North America)"
"nitrate_reductase superkingdom:Eukaryota",-0.420722040828431,9.3354846001724e-07,"NH4.N","nitrate_reductase","superkingdom:Eukaryota","Latitude (North America)"
"urec superkingdom:Bacteria",-0.377095428714978,1.34595321678278e-05,"NH4.N","urec","superkingdom:Bacteria","Latitude (North America)"
"narg superkingdom:Bacteria",-0.302122687848391,0.000585529252696338,"NH4.N","narg","superkingdom:Bacteria","Latitude (North America)"
"nirk superkingdom:Bacteria",-0.333660792892453,0.000134528625299274,"NH4.N","nirk","superkingdom:Bacteria","Latitude (North America)"
"narg superkingdom:Bacteria",-0.272157100088032,0.00213761793384185,"NH4.N","narg","superkingdom:Bacteria","Latitude (North America)"
"hzsa superkingdom:Bacteria",-0.329533532309962,0.000174967480618875,"NH4.N","hzsa","superkingdom:Bacteria","Latitude (North America)"
"narg superkingdom:Bacteria",-0.438281872189278,2.85500544371241e-07,"NH4.N","narg","superkingdom:Bacteria","Latitude (North America)"
"nifh superkingdom:Bacteria",-0.234131248926058,0.01005847067476,"NH4.N","nifh","superkingdom:Bacteria","Latitude (North America)"
"urec superkingdom:Bacteria",-0.298526132023031,0.000685496737443273,"NH4.N","urec","superkingdom:Bacteria","Latitude (North America)"
"gdh superkingdom:Eukaryota",-0.23127143797767,0.00917223391854243,"NH4.N","gdh","superkingdom:Eukaryota","Latitude (North America)"
"nifh superkingdom:Bacteria",-0.309376775572821,0.000953023748404814,"NH4.N","nifh","superkingdom:Bacteria","Latitude (North America)"
"urec superkingdom:Bacteria",-0.253180732179861,0.00423133500527947,"NH4.N","urec","superkingdom:Bacteria","Latitude (North America)"
"nirk superkingdom:Bacteria",-0.232645268309625,0.00875482409345648,"NH4.N","nirk","superkingdom:Bacteria","Latitude (North America)"
"narg superkingdom:Bacteria",-0.233434170880159,0.00852278905163937,"NH4.N","narg","superkingdom:Bacteria","Latitude (North America)"
"nitrite_reductase_protist superkingdom:Eukaryota",-0.288411381194747,0.00105651853731748,"NH4.N","nitrite_reductase_protist","superkingdom:Eukaryota","Latitude (North America)"
"nosz superkingdom:Bacteria",-0.286956505861112,0.00162993008661812,"NH4.N","nosz","superkingdom:Bacteria","Latitude (North America)"
"urec superkingdom:Bacteria",-0.323696023541457,0.000217885390424093,"NH4.N","urec","superkingdom:Bacteria","Latitude (North America)"
"nifh superkingdom:Bacteria",-0.303254607796769,0.00061776881910493,"NH4.N","nifh","superkingdom:Bacteria","Latitude (North America)"
"nitrite_transporter superkingdom:Eukaryota",-0.266822731116129,0.00349214852695391,"NH4.N","nitrite_transporter","superkingdom:Eukaryota","Latitude (North America)"
"nifh superkingdom:Bacteria",-0.247298458640636,0.00524233876486099,"NH4.N","nifh","superkingdom:Bacteria","Latitude (North America)"
"nosz superkingdom:Bacteria",-0.286746586796853,0.00113278755136096,"NH4.N","nosz","superkingdom:Bacteria","Latitude (North America)"
"napa superkingdom:Bacteria",-0.425593673419097,0.000156707551177601,"NH4.N","napa","superkingdom:Bacteria","Latitude (North America)"
"nirs superkingdom:Bacteria",-0.299869966059529,0.000646441559879005,"NH4.N","nirs","superkingdom:Bacteria","Latitude (North America)"
"narg superkingdom:Bacteria",-0.242643033585625,0.00618982315033416,"NH4.N","narg","superkingdom:Bacteria","Latitude (North America)"
"narg superkingdom:Bacteria",-0.257455204282561,0.00361021220551025,"NH4.N","narg","superkingdom:Bacteria","Latitude (North America)"
"nirs superkingdom:Bacteria",-0.25663630541657,0.00372244502500099,"NH4.N","nirs","superkingdom:Bacteria","Latitude (North America)"
"nifh superkingdom:Bacteria",0.363600138079324,0.000101818280151106,"NH4.N","nifh","superkingdom:Bacteria","Latitude (North America)"
"nifh superkingdom:Bacteria",-0.26969969208833,0.0022581215827175,"NH4.N","nifh","superkingdom:Bacteria","Latitude (North America)"
"urec superkingdom:Bacteria",-0.248831269338517,0.00495999936836077,"NH4.N","urec","superkingdom:Bacteria","Latitude (North America)"
"nrfa superkingdom:Bacteria",-0.290538118542687,0.000965917795903337,"NH4.N","nrfa","superkingdom:Bacteria","Latitude (North America)"
"nosz superkingdom:Bacteria",-0.272972287922749,0.00198463699192437,"NH4.N","nosz","superkingdom:Bacteria","Latitude (North America)"
"nifh superkingdom:Bacteria",-0.24302098690839,0.00610757978183519,"NH4.N","nifh","superkingdom:Bacteria","Latitude (North America)"
"nira superkingdom:Bacteria",-0.354334239721793,4.68855286847021e-05,"NH4.N","nira","superkingdom:Bacteria","Latitude (North America)"
"nosz superkingdom:Bacteria",-0.30139831244016,0.000636257155317871,"NH4.N","nosz","superkingdom:Bacteria","Latitude (North America)"
"nir superkingdom:Bacteria",-0.282061823757676,0.00157384747495646,"NH4.N","nir","superkingdom:Bacteria","Latitude (North America)"
"nosz superkingdom:Bacteria",-0.310569644649235,0.000401144826630063,"NH4.N","nosz","superkingdom:Bacteria","Latitude (North America)"
"nifh superkingdom:Bacteria",-0.253432701061704,0.00419222394066996,"NH4.N","nifh","superkingdom:Bacteria","Latitude (North America)"
"napa superkingdom:Bacteria",-0.310179692808287,0.000408311556676052,"NH4.N","napa","superkingdom:Bacteria","Latitude (North America)"
"nifh superkingdom:Bacteria",-0.302684739712832,0.000778794437347797,"NH4.N","nifh","superkingdom:Bacteria","Latitude (North America)"
"narg superkingdom:Bacteria",-0.330415193723947,0.000157692081600748,"NH4.N","narg","superkingdom:Bacteria","Latitude (North America)"
"nirs superkingdom:Bacteria",-0.381605635886603,1.22547725989527e-05,"NH4.N","nirs","superkingdom:Bacteria","Latitude (North America)"
"narg superkingdom:Bacteria",-0.248132355654356,0.00508700747290916,"NH4.N","narg","superkingdom:Bacteria","Latitude (North America)"
"norb superkingdom:Bacteria",-0.229757649397582,0.00995062247004577,"NH4.N","norb","superkingdom:Bacteria","Latitude (North America)"
"nifh superkingdom:Bacteria",-0.236928922035915,0.00947677672444769,"NH4.N","nifh","superkingdom:Bacteria","Latitude (North America)"
"nosz superkingdom:Bacteria",-0.264756302596927,0.00273622214163454,"NH4.N","nosz","superkingdom:Bacteria","Latitude (North America)"
"hao superkingdom:Bacteria",-0.275545970073006,0.00179105355904462,"NH4.N","hao","superkingdom:Bacteria","Latitude (North America)"
"nirk superkingdom:Bacteria",-0.232201323136854,0.00888783587265804,"NH4.N","nirk","superkingdom:Bacteria","Latitude (North America)"
"urec superkingdom:Bacteria",-0.253078729767933,0.00440516440330783,"NH4.N","urec","superkingdom:Bacteria","Latitude (North America)"
"urec superkingdom:Bacteria",-0.384459519249805,8.80585869374814e-06,"NH4.N","urec","superkingdom:Bacteria","Latitude (North America)"
"nosz superkingdom:Bacteria",-0.284154906869321,0.00126156998331934,"NH4.N","nosz","superkingdom:Bacteria","Latitude (North America)"
"nirk superkingdom:Bacteria",-0.451183278865568,1.14469923926671e-07,"NH4.N","nirk","superkingdom:Bacteria","Latitude (North America)"
"nosz superkingdom:Bacteria",-0.255598433593739,0.00386918583962846,"NH4.N","nosz","superkingdom:Bacteria","Latitude (North America)"
"norb superkingdom:Bacteria",-0.342190939718661,0.000100246786507075,"NH4.N","norb","superkingdom:Bacteria","Latitude (North America)"
"nifh superkingdom:Bacteria",-0.245653219129659,0.00575647989557218,"NH4.N","nifh","superkingdom:Bacteria","Latitude (North America)"
"narg superkingdom:Bacteria",-0.403924115372206,2.72816324564554e-06,"NH4.N","narg","superkingdom:Bacteria","Latitude (North America)"
"urec superkingdom:Eukaryota",-0.311904479797096,0.000377482099629072,"NH4.N","urec","superkingdom:Eukaryota","Latitude (North America)"
"urec superkingdom:Bacteria",-0.231766376852719,0.00901987751593486,"NH4.N","urec","superkingdom:Bacteria","Latitude (North America)"
"nirk superkingdom:Eukaryota",-0.262785545985366,0.00295102623967638,"NH4.N","nirk","superkingdom:Eukaryota","Latitude (North America)"
"urec superkingdom:Bacteria",-0.261708678978441,0.00307471565611314,"NH4.N","urec","superkingdom:Bacteria","Latitude (North America)"
"narg superkingdom:Bacteria",-0.404293069806334,2.66630563579492e-06,"NH4.N","narg","superkingdom:Bacteria","Latitude (North America)"
"narg superkingdom:Bacteria",-0.330670162235336,0.000155746192430768,"NH4.N","narg","superkingdom:Bacteria","Latitude (North America)"
"nirs superkingdom:Bacteria",-0.300559880855052,0.000627195024823369,"NH4.N","nirs","superkingdom:Bacteria","Latitude (North America)"
"nosz superkingdom:Bacteria",-0.439061775871174,2.7044295054005e-07,"NH4.N","nosz","superkingdom:Bacteria","Latitude (North America)"
"narg superkingdom:Bacteria",-0.2315684013027,0.00908055012663169,"NH4.N","narg","superkingdom:Bacteria","Latitude (North America)"
"nir superkingdom:Bacteria",0.360094980480352,3.99242696740015e-05,"NH4.N","nir","superkingdom:Bacteria","Latitude (North America)"
"narg superkingdom:Bacteria",-0.231685386854984,0.00904465477520805,"NH4.N","narg","superkingdom:Bacteria","Latitude (North America)"
"amoa superkingdom:Archaea",-0.242948995799292,0.00612316981781228,"NH4.N","amoa","superkingdom:Archaea","Latitude (North America)"
"ammonium_transporter superkingdom:Eukaryota",-0.395748790401758,5.8806507090426e-06,"NH4.N","ammonium_transporter","superkingdom:Eukaryota","Latitude (North America)"
"nirk superkingdom:Bacteria",-0.249932795595987,0.0049385138154372,"NH4.N","nirk","superkingdom:Bacteria","Latitude (North America)"
"narg superkingdom:Bacteria",-0.231803735489883,0.00929151618182062,"NH4.N","narg","superkingdom:Bacteria","Latitude (North America)"
"narg superkingdom:Bacteria",-0.354886171558212,4.55381306184564e-05,"NH4.N","narg","superkingdom:Bacteria","Latitude (North America)"
"narg superkingdom:Bacteria",-0.266673065876664,0.0025409433846717,"NH4.N","narg","superkingdom:Bacteria","Latitude (North America)"
"glna_fungi superkingdom:Eukaryota",-0.254462554629159,0.00562961247841279,"NH4.N","glna_fungi","superkingdom:Eukaryota","Latitude (North America)"
"nifh superkingdom:Bacteria",-0.278120242888566,0.001686937764122,"NH4.N","nifh","superkingdom:Bacteria","Latitude (North America)"
"nifh superkingdom:Bacteria",-0.325619547803069,0.000210994267781593,"NH4.N","nifh","superkingdom:Bacteria","Latitude (North America)"
"nifh superkingdom:Bacteria",-0.252535811827523,0.0043329340525192,"NH4.N","nifh","superkingdom:Bacteria","Latitude (North America)"
"narg superkingdom:Bacteria",-0.284396227469971,0.00156994422038416,"NH4.N","narg","superkingdom:Bacteria","Latitude (North America)"
"nifh superkingdom:Bacteria",-0.360621463249694,3.35268476014374e-05,"NH4.N","nifh","superkingdom:Bacteria","Latitude (North America)"
"nosz superkingdom:Bacteria",-0.260405929963333,0.00335753042145917,"NH4.N","nosz","superkingdom:Bacteria","Latitude (North America)"
"narg superkingdom:Bacteria",-0.268274868054097,0.00238750878182519,"NH4.N","narg","superkingdom:Bacteria","Latitude (North America)"
"nrfa superkingdom:Bacteria",-0.275923618930616,0.00184179726648877,"NH4.N","nrfa","superkingdom:Bacteria","Latitude (North America)"
"nosz superkingdom:Bacteria",-0.315637965650089,0.000336306426964989,"NH4.N","nosz","superkingdom:Bacteria","Latitude (North America)"
"gdh superkingdom:Bacteria",-0.277693704827766,0.00164281070553455,"NH4.N","gdh","superkingdom:Bacteria","Latitude (North America)"
"nosz superkingdom:Bacteria",-0.240510296978594,0.00667263743702725,"NH4.N","nosz","superkingdom:Bacteria","Latitude (North America)"
"nirk superkingdom:Bacteria",0.267275349819693,0.00291938315299188,"NH4.N","nirk","superkingdom:Bacteria","Latitude (North America)"
"urec superkingdom:Bacteria",-0.276013022837514,0.001916140439776,"NH4.N","urec","superkingdom:Bacteria","Latitude (North America)"
"nifh superkingdom:Bacteria",-0.343244609291139,8.328593430711e-05,"NH4.N","nifh","superkingdom:Bacteria","Latitude (North America)"
"urec superkingdom:Bacteria",-0.263325479303602,0.00289071323996783,"NH4.N","urec","superkingdom:Bacteria","Latitude (North America)"
"narg superkingdom:Bacteria",-0.288904431826102,0.00131000254235694,"NH4.N","narg","superkingdom:Bacteria","Latitude (North America)"
"nifh superkingdom:Bacteria",-0.411879132927547,1.65370242702625e-06,"NH4.N","nifh","superkingdom:Bacteria","Latitude (North America)"
"nifh superkingdom:Bacteria",-0.340832907136352,9.41053345696244e-05,"NH4.N","nifh","superkingdom:Bacteria","Latitude (North America)"
"ammonium_transporter superkingdom:Eukaryota",-0.276823812259497,0.00170145456587157,"NH4.N","ammonium_transporter","superkingdom:Eukaryota","Latitude (North America)"
"nitrate_transporter superkingdom:Eukaryota",-0.275851932286673,0.00176921866121801,"NH4.N","nitrate_transporter","superkingdom:Eukaryota","Latitude (North America)"
"narg superkingdom:Bacteria",-0.24490667420409,0.00591092492742711,"NH4.N","narg","superkingdom:Bacteria","Latitude (North America)"
"nirk superkingdom:Bacteria",-0.241656155465072,0.00640923211709686,"NH4.N","nirk","superkingdom:Bacteria","Latitude (North America)"
"norb superkingdom:Bacteria",-0.313674261229091,0.00034809429479027,"NH4.N","norb","superkingdom:Bacteria","Latitude (North America)"
"nirs superkingdom:Bacteria",-0.335073728278709,0.0001721326024037,"NH4.N","nirs","superkingdom:Bacteria","Latitude (North America)"
"nosz superkingdom:Bacteria",-0.297440266127468,0.000718624587972,"NH4.N","nosz","superkingdom:Bacteria","Latitude (North America)"
"nifh superkingdom:Bacteria",-0.339431972004801,0.000235153499748088,"NH4.N","nifh","superkingdom:Bacteria","Latitude (North America)"
"urec superkingdom:Bacteria",-0.246515555329194,0.00539200927684554,"NH4.N","urec","superkingdom:Bacteria","Latitude (North America)"
"p450nor superkingdom:Eukaryota",-0.347987023602976,6.53128623670175e-05,"NH4.N","p450nor","superkingdom:Eukaryota","Latitude (North America)"
"nirs superkingdom:Bacteria",-0.267971905469976,0.00241587023015149,"NH4.N","nirs","superkingdom:Bacteria","Latitude (North America)"
"nifh superkingdom:Bacteria",-0.307023513093316,0.000496479775644622,"NH4.N","nifh","superkingdom:Bacteria","Latitude (North America)"
"nifh superkingdom:Bacteria",-0.339594060133955,0.000100159745551428,"NH4.N","nifh","superkingdom:Bacteria","Latitude (North America)"
"nitrite_transporter superkingdom:Eukaryota",-0.250526952583314,0.00892011799492766,"NH4.N","nitrite_transporter","superkingdom:Eukaryota","Latitude (North America)"
"nirs superkingdom:Bacteria",-0.307504023253474,0.000460762368472904,"NH4.N","nirs","superkingdom:Bacteria","Latitude (North America)"
"norb superkingdom:Bacteria",-0.281812196194087,0.00138932589701083,"NH4.N","norb","superkingdom:Bacteria","Latitude (North America)"
"nrfa superkingdom:Bacteria",-0.295693234552168,0.000814178486605238,"NH4.N","nrfa","superkingdom:Bacteria","Latitude (North America)"
"amoa_quasi superkingdom:Bacteria",-0.360594466583782,3.35756678031516e-05,"NH4.N","amoa_quasi","superkingdom:Bacteria","Latitude (North America)"
"urec superkingdom:Bacteria",-0.311109540875238,0.000413331234472006,"NH4.N","urec","superkingdom:Bacteria","Latitude (North America)"
"nifh superkingdom:Bacteria",-0.2714874712976,0.00210476434883811,"NH4.N","nifh","superkingdom:Bacteria","Latitude (North America)"
"narg superkingdom:Bacteria",-0.332805898471913,0.000140301546160196,"NH4.N","narg","superkingdom:Bacteria","Latitude (North America)"
"nirs superkingdom:Bacteria",-0.248201347133908,0.00507434227912586,"NH4.N","nirs","superkingdom:Bacteria","Latitude (North America)"
"nosz superkingdom:Bacteria",-0.267485965483564,0.00246199746981521,"NH4.N","nosz","superkingdom:Bacteria","Latitude (North America)"
"narg superkingdom:Bacteria",-0.232994790505257,0.00980402372982191,"NH4.N","narg","superkingdom:Bacteria","Latitude (North America)"
"nirk superkingdom:Bacteria",-0.279094531825633,0.001552225558352,"NH4.N","nirk","superkingdom:Bacteria","Latitude (North America)"
"urec superkingdom:Bacteria",-0.246314580149629,0.00543104004408899,"NH4.N","urec","superkingdom:Bacteria","Latitude (North America)"
"nirs superkingdom:Bacteria",-0.353548336780805,4.88686552859282e-05,"NH4.N","nirs","superkingdom:Bacteria","Latitude (North America)"
"gdh superkingdom:Bacteria",-0.255988385434687,0.00381345400528271,"NH4.N","gdh","superkingdom:Bacteria","Latitude (North America)"
"nirk superkingdom:Bacteria",-0.397814610773858,8.16109444018016e-06,"NH4.N","nirk","superkingdom:Bacteria","Latitude (North America)"
"nirk superkingdom:Bacteria",-0.247805396033869,0.00514741414230652,"NH4.N","nirk","superkingdom:Bacteria","Latitude (North America)"
"nitrate_reductase superkingdom:Eukaryota",-0.270506592436138,0.0021876947971707,"NH4.N","nitrate_reductase","superkingdom:Eukaryota","Latitude (North America)"
"nirs superkingdom:Bacteria",-0.229972703491367,0.0098794640434533,"NH4.N","nirs","superkingdom:Bacteria","Latitude (North America)"
"nasa superkingdom:Bacteria",-0.350191751319106,5.82560540735725e-05,"NH4.N","nasa","superkingdom:Bacteria","Latitude (North America)"
"narg superkingdom:Bacteria",-0.253231373952964,0.00471316820558806,"NH4.N","narg","superkingdom:Bacteria","Latitude (North America)"
"nitrate_transporter superkingdom:Eukaryota",-0.266864697982868,0.00308741910644275,"NH4.N","nitrate_transporter","superkingdom:Eukaryota","Latitude (North America)"
"hao superkingdom:Bacteria",-0.264630206805545,0.00286102551887001,"NH4.N","hao","superkingdom:Bacteria","Latitude (North America)"
"nosz superkingdom:Bacteria",-0.290580113356327,0.000964202606584993,"NH4.N","nosz","superkingdom:Bacteria","Latitude (North America)"
"napa superkingdom:Bacteria",-0.297114550928064,0.000805127712604899,"NH4.N","napa","superkingdom:Bacteria","Latitude (North America)"
"nirb superkingdom:Bacteria",-0.527048428646442,2.71528206684092e-10,"NH4.N","nirb","superkingdom:Bacteria","Latitude (North America)"
"gdh superkingdom:Bacteria",-0.290832082238171,0.000953969849988867,"NH4.N","gdh","superkingdom:Bacteria","Latitude (North America)"
"urec superkingdom:Bacteria",-0.27236336312496,0.00203312857314441,"NH4.N","urec","superkingdom:Bacteria","Latitude (North America)"
"ammonium_transporter superkingdom:Eukaryota",-0.3577124595618,7.50912594525201e-05,"NH4.N","ammonium_transporter","superkingdom:Eukaryota","Latitude (North America)"
"gdh superkingdom:Bacteria",-0.235339839231982,0.00824275307536485,"NH4.N","gdh","superkingdom:Bacteria","Latitude (North America)"
"nosz superkingdom:Bacteria",-0.24590741677466,0.00727145465747063,"NH4.N","nosz","superkingdom:Bacteria","Latitude (North America)"
"nirs superkingdom:Bacteria",-0.425312481279275,7.64522838393517e-07,"NH4.N","nirs","superkingdom:Bacteria","Latitude (North America)"
"urec superkingdom:Bacteria",-0.231937355736827,0.00896776649363028,"NH4.N","urec","superkingdom:Bacteria","Latitude (North America)"
"nrfa superkingdom:Bacteria",-0.251935885918372,0.00442940047498223,"NH4.N","nrfa","superkingdom:Bacteria","Latitude (North America)"
"nira superkingdom:Bacteria",-0.282127157296391,0.00137149031480613,"NH4.N","nira","superkingdom:Bacteria","Latitude (North America)"
"nitrite_transporter superkingdom:Eukaryota",-0.239068404156687,0.00800202903366506,"NH4.N","nitrite_transporter","superkingdom:Eukaryota","Latitude (North America)"
"nifh superkingdom:Bacteria",-0.241867685991848,0.00804719164359515,"NH4.N","nifh","superkingdom:Bacteria","Latitude (North America)"
"narg superkingdom:Bacteria",-0.256348340980177,0.00376264990079803,"NH4.N","narg","superkingdom:Bacteria","Latitude (North America)"
"narg superkingdom:Bacteria",-0.262689557839902,0.00296186652963035,"NH4.N","narg","superkingdom:Bacteria","Latitude (North America)"
"nosz superkingdom:Bacteria",-0.297578249086572,0.00071433499022038,"NH4.N","nosz","superkingdom:Bacteria","Latitude (North America)"
"nifh superkingdom:Bacteria",-0.249610831892928,0.00664627449503614,"NH4.N","nifh","superkingdom:Bacteria","Latitude (North America)"
"narg superkingdom:Bacteria",-0.329278497115287,0.000200131781286071,"NH4.N","narg","superkingdom:Bacteria","Latitude (North America)"
"gdh superkingdom:Bacteria",-0.346934153632417,6.89577576466888e-05,"NH4.N","gdh","superkingdom:Bacteria","Latitude (North America)"
"gdh superkingdom:Bacteria",-0.362322253202137,3.05820019518901e-05,"NH4.N","gdh","superkingdom:Bacteria","Latitude (North America)"
"nasa superkingdom:Bacteria",-0.286050672742238,0.00116613388880177,"NH4.N","nasa","superkingdom:Bacteria","Latitude (North America)"
"nifh superkingdom:Bacteria",-0.300847845291445,0.000619318593576506,"NH4.N","nifh","superkingdom:Bacteria","Latitude (North America)"
"napa superkingdom:Bacteria",-0.452956148934711,1.13338426736162e-07,"NH4.N","napa","superkingdom:Bacteria","Latitude (North America)"
"amoa_quasi superkingdom:Archaea",-0.417809400539503,1.12904204571663e-06,"NH4.N","amoa_quasi","superkingdom:Archaea","Latitude (North America)"
"narg superkingdom:Bacteria",-0.231169450573114,0.00920390903894275,"NH4.N","narg","superkingdom:Bacteria","Latitude (North America)"
"narg superkingdom:Bacteria",-0.298637118316224,0.000682190950147852,"NH4.N","narg","superkingdom:Bacteria","Latitude (North America)"
"nasa superkingdom:Bacteria",-0.284743908977155,0.00128886916947385,"NH4.N","nasa","superkingdom:Bacteria","Latitude (North America)"
"narg superkingdom:Bacteria",-0.287244525301448,0.00110946461738734,"NH4.N","narg","superkingdom:Bacteria","Latitude (North America)"
"nosz superkingdom:Bacteria",-0.245255710919977,0.0056408699367846,"NH4.N","nosz","superkingdom:Bacteria","Latitude (North America)"
"narg superkingdom:Bacteria",-0.258889027205431,0.00342100248733178,"NH4.N","narg","superkingdom:Bacteria","Latitude (North America)"
"nirs superkingdom:Bacteria",-0.359282672871114,4.48268009279771e-05,"NH4.N","nirs","superkingdom:Bacteria","Latitude (North America)"
"nrfa superkingdom:Bacteria",-0.401322020578306,2.91075389220883e-05,"NH4.N","nrfa","superkingdom:Bacteria","Latitude (North America)"
"nifh superkingdom:Bacteria",-0.257208745381913,0.00552063462879084,"NH4.N","nifh","superkingdom:Bacteria","Latitude (North America)"
"nirk superkingdom:Bacteria",-0.246776523099675,0.0053417009625274,"NH4.N","nirk","superkingdom:Bacteria","Latitude (North America)"
"nirs superkingdom:Bacteria",-0.234403051223438,0.00824526187570394,"NH4.N","nirs","superkingdom:Bacteria","Latitude (North America)"
"gdh superkingdom:Bacteria",-0.287577484181027,0.00109411475236338,"NH4.N","gdh","superkingdom:Bacteria","Latitude (North America)"
"nirs superkingdom:Bacteria",-0.228073832881896,0.0102123706394019,"NH4.N","nirs","superkingdom:Bacteria","Latitude (North America)"
"nirb superkingdom:Bacteria",-0.289441304825694,0.00106069138739828,"NH4.N","nirb","superkingdom:Bacteria","Latitude (North America)"
"nirb superkingdom:Bacteria",-0.335116094250516,0.000161247080110616,"NH4.N","nirb","superkingdom:Bacteria","Latitude (North America)"
"glutamate_synthase_protist superkingdom:Eukaryota",-0.314621415122,0.0023867872590137,"NH4.N","glutamate_synthase_protist","superkingdom:Eukaryota","Latitude (North America)"
"nirs superkingdom:Bacteria",-0.272763999731545,0.0020872171684924,"NO3.N","nirs","superkingdom:Bacteria","Latitude (North America)"
"narg superkingdom:Bacteria",-0.30242146548631,0.000577859460631118,"NO3.N","narg","superkingdom:Bacteria","Latitude (North America)"
"urec superkingdom:Eukaryota",-0.368197736776283,2.21711588342428e-05,"NO3.N","urec","superkingdom:Eukaryota","Latitude (North America)"
"nira superkingdom:Bacteria",-0.265892300623783,0.00333283153445819,"NO3.N","nira","superkingdom:Bacteria","Latitude (North America)"
"nosz superkingdom:Bacteria",-0.257295370939777,0.00377129763798321,"NO3.N","nosz","superkingdom:Bacteria","Latitude (North America)"
"narg superkingdom:Bacteria",-0.297298067485431,0.0007230699653192,"NO3.N","narg","superkingdom:Bacteria","Latitude (North America)"
"hao superkingdom:Bacteria",-0.262496156708969,0.00298381709864057,"NO3.N","hao","superkingdom:Bacteria","Latitude (North America)"
"nifh superkingdom:Bacteria",0.318297875542925,0.000469867808490533,"NO3.N","nifh","superkingdom:Bacteria","Latitude (North America)"
"narg superkingdom:Bacteria",0.287033273598424,0.00111930533710222,"NO3.N","narg","superkingdom:Bacteria","Latitude (North America)"
"nasa superkingdom:Bacteria",-0.352038635470232,5.2900427626125e-05,"NO3.N","nasa","superkingdom:Bacteria","Latitude (North America)"
"hzsa superkingdom:Bacteria",-0.33135306602406,0.000150643768072806,"NO3.N","hzsa","superkingdom:Bacteria","Latitude (North America)"
"urec superkingdom:Bacteria",-0.314426054947386,0.000336262427295105,"NO3.N","urec","superkingdom:Bacteria","Latitude (North America)"
"nifh superkingdom:Bacteria",-0.344800818992609,0.000122993991618819,"NO3.N","nifh","superkingdom:Bacteria","Latitude (North America)"
"narb superkingdom:Bacteria",-0.299136422579789,0.000738346397473893,"NO3.N","narb","superkingdom:Bacteria","Latitude (North America)"
"urec superkingdom:Bacteria",0.320644324300912,0.000251731031929736,"NO3.N","urec","superkingdom:Bacteria","Latitude (North America)"
"nasa superkingdom:Bacteria",-0.335323187457022,0.000159653346243262,"NO3.N","nasa","superkingdom:Bacteria","Latitude (North America)"
"urec superkingdom:Bacteria",-0.26322475595827,0.00301833298917615,"NO3.N","urec","superkingdom:Bacteria","Latitude (North America)"
"napa superkingdom:Bacteria",-0.417219794327163,1.29568645035571e-06,"NO3.N","napa","superkingdom:Bacteria","Latitude (North America)"
"nifh superkingdom:Bacteria",-0.251373463625093,0.00452157783655123,"NO3.N","nifh","superkingdom:Bacteria","Latitude (North America)"
"nifh superkingdom:Bacteria",-0.293878469288123,0.000837873651629724,"NO3.N","nifh","superkingdom:Bacteria","Latitude (North America)"
"nasa superkingdom:Bacteria",-0.299535804551389,0.000655957381731245,"NO3.N","nasa","superkingdom:Bacteria","Latitude (North America)"
"cnorb superkingdom:Bacteria",-0.346442337664504,0.000113582096481198,"NO3.N","cnorb","superkingdom:Bacteria","Latitude (North America)"
"urec superkingdom:Bacteria",-0.279894112449658,0.00150258077456838,"NO3.N","urec","superkingdom:Bacteria","Latitude (North America)"
"nifh superkingdom:Bacteria",-0.354899185486088,7.48421146984272e-05,"NO3.N","nifh","superkingdom:Bacteria","Latitude (North America)"
"ammonium_transporter superkingdom:Eukaryota",-0.310487517725399,0.000402644475939802,"NO3.N","ammonium_transporter","superkingdom:Eukaryota","Latitude (North America)"
"urec superkingdom:Bacteria",-0.276801475834374,0.00170298511385045,"NO3.N","urec","superkingdom:Bacteria","Latitude (North America)"
"napa superkingdom:Bacteria",-0.369988526358558,2.00757929570108e-05,"NO3.N","napa","superkingdom:Bacteria","Latitude (North America)"
"glna_fungi superkingdom:Eukaryota",-0.279589967824931,0.00173710520759166,"NO3.N","glna_fungi","superkingdom:Eukaryota","Latitude (North America)"
"nitrate_reductase superkingdom:Eukaryota",-0.303411349175004,0.000553103930601887,"NO3.N","nitrate_reductase","superkingdom:Eukaryota","Latitude (North America)"
"nosz superkingdom:Bacteria",-0.304020277625929,0.00053836421638359,"NO3.N","nosz","superkingdom:Bacteria","Latitude (North America)"
"nifh superkingdom:Bacteria",-0.277977337670641,0.00162409055148704,"NO3.N","nifh","superkingdom:Bacteria","Latitude (North America)"
"nitrate_reductase superkingdom:Eukaryota",-0.376176799236668,1.41809139770865e-05,"NO3.N","nitrate_reductase","superkingdom:Eukaryota","Latitude (North America)"
"urec superkingdom:Eukaryota",-0.365501053636476,2.5717838315285e-05,"NO3.N","urec","superkingdom:Eukaryota","Latitude (North America)"
"nirk superkingdom:Bacteria",-0.259904461233114,0.00329244869519519,"NO3.N","nirk","superkingdom:Bacteria","Latitude (North America)"
"nira superkingdom:Bacteria",-0.260951338225097,0.00316448074952772,"NO3.N","nira","superkingdom:Bacteria","Latitude (North America)"
"narg superkingdom:Bacteria",-0.300804655461442,0.000620494101804732,"NO3.N","narg","superkingdom:Bacteria","Latitude (North America)"
"urec superkingdom:Bacteria",-0.280991983449847,0.00143676876231334,"NO3.N","urec","superkingdom:Bacteria","Latitude (North America)"
"gdh superkingdom:Bacteria",-0.356961057085831,4.07905029804943e-05,"NO3.N","gdh","superkingdom:Bacteria","Latitude (North America)"
"nifh superkingdom:Bacteria",-0.351201733806154,5.52674988310768e-05,"NO3.N","nifh","superkingdom:Bacteria","Latitude (North America)"
"narg superkingdom:Bacteria",-0.342682734788299,8.56974994084266e-05,"NO3.N","narg","superkingdom:Bacteria","Latitude (North America)"
"nitrite_transporter superkingdom:Eukaryota",0.316486594099231,0.0011262281580265,"NO3.N","nitrite_transporter","superkingdom:Eukaryota","Latitude (North America)"
"nirs superkingdom:Bacteria",-0.26318007634843,0.00290684507818761,"NO3.N","nirs","superkingdom:Bacteria","Latitude (North America)"
"nosz superkingdom:Bacteria",-0.274320767317555,0.0018809628729925,"NO3.N","nosz","superkingdom:Bacteria","Latitude (North America)"
"nosz superkingdom:Bacteria",-0.286475318559283,0.00120001388768456,"NO3.N","nosz","superkingdom:Bacteria","Latitude (North America)"
"narg superkingdom:Bacteria",0.343507637862211,8.21789208683569e-05,"NO3.N","narg","superkingdom:Bacteria","Latitude (North America)"
"narg superkingdom:Bacteria",-0.250992508387323,0.00458498527952078,"NO3.N","narg","superkingdom:Bacteria","Latitude (North America)"
"glutamate_synthase_protist superkingdom:Eukaryota",-0.391370506467711,6.96994211147904e-06,"NO3.N","glutamate_synthase_protist","superkingdom:Eukaryota","Latitude (North America)"
"nirk superkingdom:Bacteria",-0.330162205950086,0.00015964517174439,"NO3.N","nirk","superkingdom:Bacteria","Latitude (North America)"
"nosz superkingdom:Bacteria",0.255101805704957,0.00409002478504841,"NO3.N","nosz","superkingdom:Bacteria","Latitude (North America)"
"nirs superkingdom:Bacteria",0.299424817592353,0.000659146279800824,"NO3.N","nirs","superkingdom:Bacteria","Latitude (North America)"
"narg superkingdom:Bacteria",-0.365105722788978,2.83338465676481e-05,"NO3.N","narg","superkingdom:Bacteria","Latitude (North America)"
"nrfa superkingdom:Bacteria",-0.255159018822464,0.00393286184554671,"NO3.N","nrfa","superkingdom:Bacteria","Latitude (North America)"
"nrfa superkingdom:Bacteria",-0.308015808151204,0.000450273205222076,"NO3.N","nrfa","superkingdom:Bacteria","Latitude (North America)"
"cnorb superkingdom:Bacteria",-0.323808938634271,0.000229888609730235,"NO3.N","cnorb","superkingdom:Bacteria","Latitude (North America)"
"narg superkingdom:Bacteria",0.260669371356196,0.00319849954968572,"NO3.N","narg","superkingdom:Bacteria","Latitude (North America)"
"urec superkingdom:Bacteria",-0.367522816079446,2.30129274838812e-05,"NO3.N","urec","superkingdom:Bacteria","Latitude (North America)"
"narg superkingdom:Bacteria",-0.2620792057007,0.00303163953996617,"NO3.N","narg","superkingdom:Bacteria","Latitude (North America)"
"narg superkingdom:Bacteria",0.270571207890682,0.00218214204714682,"NO3.N","narg","superkingdom:Bacteria","Latitude (North America)"
"nrfa superkingdom:Bacteria",-0.358190912577845,3.81997041066513e-05,"NO3.N","nrfa","superkingdom:Bacteria","Latitude (North America)"
"narg superkingdom:Bacteria",-0.285008511507913,0.0012177495147527,"NO3.N","narg","superkingdom:Bacteria","Latitude (North America)"
"nirs superkingdom:Bacteria",-0.305376118314686,0.000506834292900878,"NO3.N","nirs","superkingdom:Bacteria","Latitude (North America)"
"norb superkingdom:Archaea",0.28380863141107,0.00133932421000465,"NO3.N","norb","superkingdom:Archaea","Latitude (North America)"
"nosz superkingdom:Bacteria",0.286154376868765,0.00116110850477489,"NO3.N","nosz","superkingdom:Bacteria","Latitude (North America)"
"narg superkingdom:Bacteria",-0.333761782999883,0.000133861456470061,"NO3.N","narg","superkingdom:Bacteria","Latitude (North America)"
"urec superkingdom:Bacteria",-0.321391236538745,0.00024302433553854,"NO3.N","urec","superkingdom:Bacteria","Latitude (North America)"
"narg superkingdom:Bacteria",-0.271924048931897,0.00206877740064356,"NO3.N","narg","superkingdom:Bacteria","Latitude (North America)"
"napa superkingdom:Bacteria",-0.270169255120121,0.00221689227371936,"NO3.N","napa","superkingdom:Bacteria","Latitude (North America)"
"nifh superkingdom:Bacteria",-0.308975695364484,0.000431191420524184,"NO3.N","nifh","superkingdom:Bacteria","Latitude (North America)"
"urec superkingdom:Bacteria",-0.259790474626537,0.00330665955574374,"NO3.N","urec","superkingdom:Bacteria","Latitude (North America)"
"nosz superkingdom:Bacteria",-0.337304366746393,0.000112316363774266,"NO3.N","nosz","superkingdom:Bacteria","Latitude (North America)"
"nosz superkingdom:Bacteria",-0.296005219395045,0.00076465977415137,"NO3.N","nosz","superkingdom:Bacteria","Latitude (North America)"
"nirs superkingdom:Bacteria",-0.284954517852166,0.00122047963175523,"NO3.N","nirs","superkingdom:Bacteria","Latitude (North America)"
"nosz superkingdom:Bacteria",-0.345182374682798,8.06820375073191e-05,"NO3.N","nosz","superkingdom:Bacteria","Latitude (North America)"
"nirk superkingdom:Bacteria",-0.278994218187209,0.00155855810607643,"NO3.N","nirk","superkingdom:Bacteria","Latitude (North America)"
"nirs superkingdom:Bacteria",-0.263588028414074,0.00286178887896152,"NO3.N","nirs","superkingdom:Bacteria","Latitude (North America)"
"nirk superkingdom:Bacteria",-0.298239956813461,0.000694088594522389,"NO3.N","nirk","superkingdom:Bacteria","Latitude (North America)"
"nosz superkingdom:Bacteria",-0.268411461660803,0.00237482050382296,"NO3.N","nosz","superkingdom:Bacteria","Latitude (North America)"
"narg superkingdom:Bacteria",0.255426085185602,0.00419449999716306,"NO3.N","narg","superkingdom:Bacteria","Latitude (North America)"
"amoa superkingdom:Bacteria",-0.268999756103968,0.00251936024394419,"NO3.N","amoa","superkingdom:Bacteria","Latitude (North America)"
"nitrate_reductase superkingdom:Eukaryota",-0.316477813865771,0.000305836557832266,"NO3.N","nitrate_reductase","superkingdom:Eukaryota","Latitude (North America)"
"urec superkingdom:Bacteria",-0.340795956484697,9.42808663770974e-05,"NO3.N","urec","superkingdom:Bacteria","Latitude (North America)"
"gdh superkingdom:Eukaryota",0.325156032946679,0.00041574824800981,"NO3.N","gdh","superkingdom:Eukaryota","Latitude (North America)"
"nirs superkingdom:Bacteria",-0.337796308943199,0.000109594024704377,"NO3.N","nirs","superkingdom:Bacteria","Latitude (North America)"
"urec superkingdom:Archaea",-0.328376575154106,0.000196548336244556,"NO3.N","urec","superkingdom:Archaea","Latitude (North America)"
"nir superkingdom:Bacteria",0.309125956940779,0.000476936403218321,"NO3.N","nir","superkingdom:Bacteria","Latitude (North America)"
"ammonium_transporter superkingdom:Eukaryota",-0.295880808015508,0.000891527263078813,"NO3.N","ammonium_transporter","superkingdom:Eukaryota","Latitude (North America)"
"nirk superkingdom:Bacteria",-0.329286308867968,0.000166582225214023,"NO3.N","nirk","superkingdom:Bacteria","Latitude (North America)"
"narg superkingdom:Bacteria",-0.259649491192087,0.00332431247392187,"NO3.N","narg","superkingdom:Bacteria","Latitude (North America)"
"nirs superkingdom:Bacteria",-0.391614254425914,7.49568420237661e-06,"NO3.N","nirs","superkingdom:Bacteria","Latitude (North America)"
"nosz superkingdom:Bacteria",-0.307748839520011,0.000455717013847601,"NO3.N","nosz","superkingdom:Bacteria","Latitude (North America)"
"nosz superkingdom:Bacteria",-0.306103733524647,0.000517205820645221,"NO3.N","nosz","superkingdom:Bacteria","Latitude (North America)"
"napa superkingdom:Bacteria",-0.268750421832992,0.00234359726003842,"NO3.N","napa","superkingdom:Bacteria","Latitude (North America)"
"nifh superkingdom:Bacteria",-0.267970513472203,0.00241600124022657,"NO3.N","nifh","superkingdom:Bacteria","Latitude (North America)"
"nifh superkingdom:Bacteria",-0.383225970959189,9.46122784049773e-06,"NO3.N","nifh","superkingdom:Bacteria","Latitude (North America)"
"nifh superkingdom:Bacteria",-0.265264831389771,0.002683135410835,"NO3.N","nifh","superkingdom:Bacteria","Latitude (North America)"
"nitrate_transporter superkingdom:Eukaryota",-0.289043037451228,0.0010288303552136,"NO3.N","nitrate_transporter","superkingdom:Eukaryota","Latitude (North America)"
"urec superkingdom:Bacteria",-0.349299957264844,6.10199036110159e-05,"NO3.N","urec","superkingdom:Bacteria","Latitude (North America)"
"nirk superkingdom:Archaea",-0.315301952029503,0.000322946657832833,"NO3.N","nirk","superkingdom:Archaea","Latitude (North America)"
"urec superkingdom:Bacteria",-0.30636600200338,0.000484898464218055,"NO3.N","urec","superkingdom:Bacteria","Latitude (North America)"
"narg superkingdom:Bacteria",-0.268807415136281,0.00233838395254695,"NO3.N","narg","superkingdom:Bacteria","Latitude (North America)"
"urec superkingdom:Bacteria",-0.270693323305398,0.00226374479314832,"NO3.N","urec","superkingdom:Bacteria","Latitude (North America)"
"narg superkingdom:Bacteria",0.31728023038142,0.000330002895107034,"NO3.N","narg","superkingdom:Bacteria","Latitude (North America)"
"nitrate_reductase superkingdom:Eukaryota",-0.270421225513607,0.0021950504470653,"NO3.N","nitrate_reductase","superkingdom:Eukaryota","Latitude (North America)"
"nirk superkingdom:Bacteria",-0.342356720224619,0.000251307021809565,"NO3.N","nirk","superkingdom:Bacteria","Latitude (North America)"
"norb superkingdom:Bacteria",-0.257921694208184,0.00354764623236678,"NO3.N","norb","superkingdom:Bacteria","Latitude (North America)"
"nitrate_transporter superkingdom:Eukaryota",-0.268210731687035,0.00293570015168447,"NO3.N","nitrate_transporter","superkingdom:Eukaryota","Latitude (North America)"
"urec superkingdom:Bacteria",-0.268768419718241,0.00234194981775909,"NO3.N","urec","superkingdom:Bacteria","Latitude (North America)"
"gdh superkingdom:Bacteria",-0.277383407457424,0.00166351524747438,"NO3.N","gdh","superkingdom:Bacteria","Latitude (North America)"
"urec superkingdom:Bacteria",-0.353547458183606,4.88709156269573e-05,"NO3.N","urec","superkingdom:Bacteria","Latitude (North America)"
"nirs superkingdom:Bacteria",-0.333944193129613,0.000141256676542008,"NO3.N","nirs","superkingdom:Bacteria","Latitude (North America)"
"urec superkingdom:Bacteria",-0.265900756668569,0.00261805850592812,"NO3.N","urec","superkingdom:Bacteria","Latitude (North America)"
"nirs superkingdom:Bacteria",-0.261356290643199,0.00311619377084883,"NO3.N","nirs","superkingdom:Bacteria","Latitude (North America)"
"urec superkingdom:Bacteria",-0.359537754323978,3.55398544190254e-05,"NO3.N","urec","superkingdom:Bacteria","Latitude (North America)"
"narg superkingdom:Bacteria",-0.270067318693793,0.00273745544971235,"NO3.N","narg","superkingdom:Bacteria","Latitude (North America)"
"narg superkingdom:Bacteria",-0.344449527190242,7.83264347501421e-05,"NO3.N","narg","superkingdom:Bacteria","Latitude (North America)"
"nifh superkingdom:Bacteria",-0.329121606827131,0.000290915757904829,"NO3.N","nifh","superkingdom:Bacteria","Latitude (North America)"
"narg superkingdom:Bacteria",-0.345912253894373,8.89653115744562e-05,"NO3.N","narg","superkingdom:Bacteria","Latitude (North America)"
"gdh superkingdom:Bacteria",-0.287795184073965,0.00108418364204402,"NO3.N","gdh","superkingdom:Bacteria","Latitude (North America)"
"gdh superkingdom:Bacteria",0.279715889201865,0.00281833894128932,"NO3.N","gdh","superkingdom:Bacteria","Latitude (North America)"
"glutamine_synthetase_protist superkingdom:Eukaryota",-0.277233425080349,0.0016736075685421,"NO3.N","glutamine_synthetase_protist","superkingdom:Eukaryota","Latitude (North America)"
"narg superkingdom:Bacteria",0.332465935261956,0.000142660645371484,"NO3.N","narg","superkingdom:Bacteria","Latitude (North America)"
"nirb superkingdom:Bacteria",-0.268861408792028,0.00233345470851238,"NO3.N","nirb","superkingdom:Bacteria","Latitude (North America)"
"narg superkingdom:Bacteria",-0.273873819833871,0.00191476760710127,"NO3.N","narg","superkingdom:Bacteria","Latitude (North America)"
"narg superkingdom:Bacteria",-0.304593210306355,0.00052482674903949,"NO3.N","narg","superkingdom:Bacteria","Latitude (North America)"
"nirs superkingdom:Bacteria",-0.40797306317655,2.11792228084832e-06,"NO3.N","nirs","superkingdom:Bacteria","Latitude (North America)"
"nirb superkingdom:Bacteria",-0.256435082464053,0.00435688088981826,"NO3.N","nirb","superkingdom:Bacteria","Latitude (North America)"
"nirb superkingdom:Bacteria",-0.403112954268111,0.000594104571874135,"NO3.N","nirb","superkingdom:Bacteria","Latitude (North America)"
"nirs superkingdom:Bacteria",-0.364841652719785,3.60140127819159e-05,"TN","nirs","superkingdom:Bacteria","Latitude (North America)"
"nirs superkingdom:Bacteria",-0.33113389421337,0.000152264154342083,"TN","nirs","superkingdom:Bacteria","Latitude (North America)"
"narg superkingdom:Bacteria",-0.291899840582594,0.00115965631856039,"TN","narg","superkingdom:Bacteria","Latitude (North America)"
"nosz superkingdom:Bacteria",-0.281518445091601,0.00147056063352471,"TN","nosz","superkingdom:Bacteria","Latitude (North America)"
"nrfa superkingdom:Bacteria",-0.300191456470374,0.000637406427348185,"TN","nrfa","superkingdom:Bacteria","Latitude (North America)"
"nirb superkingdom:Bacteria",-0.285095315635909,0.00121337205764626,"TN","nirb","superkingdom:Bacteria","Latitude (North America)"
"nirs superkingdom:Bacteria",-0.45057674495015,1.19597172342144e-07,"TN","nirs","superkingdom:Bacteria","Latitude (North America)"
"narg superkingdom:Bacteria",-0.281075897837765,0.00149723086352356,"TN","narg","superkingdom:Bacteria","Latitude (North America)"
"gdh superkingdom:Bacteria",-0.317391034936516,0.000293130930631637,"TN","gdh","superkingdom:Bacteria","Latitude (North America)"
"norb superkingdom:Bacteria",-0.282340742531945,0.00135951439688791,"TN","norb","superkingdom:Bacteria","Latitude (North America)"
"nosz superkingdom:Bacteria",-0.308497184522412,0.000440608602888455,"TN","nosz","superkingdom:Bacteria","Latitude (North America)"
"norb superkingdom:Bacteria",-0.40040823049892,3.66221121664992e-05,"TN","norb","superkingdom:Bacteria","Latitude (North America)"
"nrfa superkingdom:Bacteria",-0.283545501439721,0.00135384005705586,"TN","nrfa","superkingdom:Bacteria","Latitude (North America)"
"narg superkingdom:Bacteria",-0.336874088492108,0.000114748986695985,"TN","narg","superkingdom:Bacteria","Latitude (North America)"
"nirs superkingdom:Bacteria",-0.28993646185687,0.00103892734660607,"TN","nirs","superkingdom:Bacteria","Latitude (North America)"
"nifh superkingdom:Bacteria",-0.376143719967762,1.80623625461732e-05,"TN","nifh","superkingdom:Bacteria","Latitude (North America)"
"nosz superkingdom:Bacteria",-0.333029288575089,0.000333357356554163,"TN","nosz","superkingdom:Bacteria","Latitude (North America)"
"nirk superkingdom:Bacteria",-0.333923476289885,0.000181792260920663,"TN","nirk","superkingdom:Bacteria","Latitude (North America)"
"nosz superkingdom:Bacteria",-0.304737402279203,0.000521469444363318,"TN","nosz","superkingdom:Bacteria","Latitude (North America)"
"narg superkingdom:Bacteria",-0.284024092762145,0.00126841108325966,"TN","narg","superkingdom:Bacteria","Latitude (North America)"
"narg superkingdom:Bacteria",-0.299273117184538,0.000772057189239722,"TN","narg","superkingdom:Bacteria","Latitude (North America)"
"glutamine_synthetase_protist superkingdom:Eukaryota",-0.285129187056672,0.00132822727941634,"TN","glutamine_synthetase_protist","superkingdom:Eukaryota","Latitude (North America)"
"nitrite_transporter superkingdom:Eukaryota",-0.374165011249841,9.88380547560813e-05,"TN","nitrite_transporter","superkingdom:Eukaryota","Latitude (North America)"
"hao superkingdom:Bacteria",-0.29682932189277,0.00163888641615117,"TN","hao","superkingdom:Bacteria","Latitude (North America)"
"nosz superkingdom:Bacteria",-0.303212757026853,0.000587647832774839,"TN","nosz","superkingdom:Bacteria","Latitude (North America)"
"nirs superkingdom:Bacteria",-0.361890293249997,3.13060138398579e-05,"TN","nirs","superkingdom:Bacteria","Latitude (North America)"
"nirs superkingdom:Bacteria",-0.277518739287861,0.00165445626639842,"TN","nirs","superkingdom:Bacteria","Latitude (North America)"
"nirk superkingdom:Bacteria",-0.283249931693711,0.00130959407489251,"TN","nirk","superkingdom:Bacteria","Latitude (North America)"
"urec superkingdom:Bacteria",-0.280450835117627,0.00175502664934355,"TN","urec","superkingdom:Bacteria","Latitude (North America)"
"nifh superkingdom:Bacteria",-0.310423585320608,0.000403815470068308,"TN","nifh","superkingdom:Bacteria","Latitude (North America)"
"nirk superkingdom:Bacteria",-0.293557076151351,0.00084948016181452,"TN","nirk","superkingdom:Bacteria","Latitude (North America)"
"narg superkingdom:Bacteria",-0.305785039216037,0.000524571006596923,"TN","narg","superkingdom:Bacteria","Latitude (North America)"
"norb superkingdom:Archaea",-0.449508153350033,1.45153551835996e-07,"TN","norb","superkingdom:Archaea","Latitude (North America)"
"napa superkingdom:Bacteria",-0.358324834223721,0.00172004200323645,"TN","napa","superkingdom:Bacteria","Latitude (North America)"
"glutamine_synthetase_protist superkingdom:Eukaryota",-0.267058562991112,0.00250322451100386,"TN","glutamine_synthetase_protist","superkingdom:Eukaryota","Latitude (North America)"
"nira superkingdom:Bacteria",-0.388994932518081,6.74620950733547e-06,"TN","nira","superkingdom:Bacteria","Latitude (North America)"
"nirs superkingdom:Bacteria",-0.293548074278463,0.000849807357827585,"TN","nirs","superkingdom:Bacteria","Latitude (North America)"
"urec superkingdom:Bacteria",-0.288726071034379,0.00104264033253827,"TN","urec","superkingdom:Bacteria","Latitude (North America)"
"narg superkingdom:Bacteria",-0.362172351933845,3.08314531034646e-05,"TN","narg","superkingdom:Bacteria","Latitude (North America)"
"nosz superkingdom:Bacteria",-0.369484873343822,2.06454641042056e-05,"TN","nosz","superkingdom:Bacteria","Latitude (North America)"
"nosz superkingdom:Bacteria",-0.301691156526229,0.000732741469763482,"TN","nosz","superkingdom:Bacteria","Latitude (North America)"
"gdh superkingdom:Bacteria",0.284861672249229,0.00193974835508228,"TN","gdh","superkingdom:Bacteria","Latitude (North America)"
"nosz superkingdom:Archaea",-0.271280441375944,0.00212202718565663,"TN","nosz","superkingdom:Archaea","Latitude (North America)"
"nirs superkingdom:Bacteria",-0.333825454207112,0.000133442410772888,"TN","nirs","superkingdom:Bacteria","Latitude (North America)"
"narg superkingdom:Bacteria",-0.283991085894886,0.00127014255831404,"TN","narg","superkingdom:Bacteria","Latitude (North America)"
"narg superkingdom:Bacteria",-0.286871685219292,0.00112688633094224,"TN","narg","superkingdom:Bacteria","Latitude (North America)"
"narg superkingdom:Bacteria",-0.281173499680701,0.00142614415203677,"TN","narg","superkingdom:Bacteria","Latitude (North America)"
"narg superkingdom:Bacteria",-0.285077311890131,0.001214278789106,"TN","narg","superkingdom:Bacteria","Latitude (North America)"
"nifh superkingdom:Bacteria",-0.300995623781771,0.000615311935639183,"TN","nifh","superkingdom:Bacteria","Latitude (North America)"
"narg superkingdom:Bacteria",-0.268147789610653,0.00239936820187908,"TN","narg","superkingdom:Bacteria","Latitude (North America)"
"narg superkingdom:Bacteria",-0.276582544507429,0.00171805319091339,"TN","narg","superkingdom:Bacteria","Latitude (North America)"
"nifh superkingdom:Bacteria",-0.3411289737442,9.27098553251823e-05,"TN","nifh","superkingdom:Bacteria","Latitude (North America)"
"nosz superkingdom:Bacteria",-0.319899556848186,0.000260699689532986,"TN","nosz","superkingdom:Bacteria","Latitude (North America)"
"nirk superkingdom:Archaea",0.267682692844733,0.0024432283157125,"TN","nirk","superkingdom:Archaea","Latitude (North America)"
"gdh superkingdom:Bacteria",-0.299853423677636,0.000680527960015278,"TN","gdh","superkingdom:Bacteria","Latitude (North America)"
"hao superkingdom:Bacteria",-0.295717525644656,0.000774208103664448,"TN","hao","superkingdom:Bacteria","Latitude (North America)"
"narg superkingdom:Bacteria",-0.282396070624122,0.00148438202643338,"TN","narg","superkingdom:Bacteria","Latitude (North America)"
"narg superkingdom:Bacteria",-0.281205453852722,0.00148937792765109,"TN","narg","superkingdom:Bacteria","Latitude (North America)"
"narg superkingdom:Bacteria",-0.329456545231762,0.000165212414334443,"TN","narg","superkingdom:Bacteria","Latitude (North America)"
"nosz superkingdom:Bacteria",-0.287708859397948,0.00108811173585634,"TN","nosz","superkingdom:Bacteria","Latitude (North America)"
"amoa_quasi superkingdom:Archaea",-0.28661663215411,0.00113894772434594,"TN","amoa_quasi","superkingdom:Archaea","Latitude (North America)"
"nasa superkingdom:Bacteria",-0.295655371255825,0.00081549834037357,"TN","nasa","superkingdom:Bacteria","Latitude (North America)"
"narg superkingdom:Bacteria",-0.292845928193139,0.000875687249640368,"TN","narg","superkingdom:Bacteria","Latitude (North America)"
"nrfa superkingdom:Bacteria",-0.463285117861354,9.42394348413696e-07,"TN","nrfa","superkingdom:Bacteria","Latitude (North America)"
"nosz superkingdom:Bacteria",0.331628997222252,0.000148626548252122,"TN","nosz","superkingdom:Bacteria","Latitude (North America)"
"nosz superkingdom:Bacteria",-0.273801527352826,0.00200354212919521,"TN","nosz","superkingdom:Bacteria","Latitude (North America)"
"nirs superkingdom:Bacteria",0.409437500089698,0.00039183308667776,"TN","nirs","superkingdom:Bacteria","Latitude (North America)"
"glutamate_synthase_protist superkingdom:Eukaryota",-0.371618929079193,0.000286950127955649,"TN","glutamate_synthase_protist","superkingdom:Eukaryota","Latitude (North America)"
